,SELL_ID,SELL_CATEGORY,ITEM_NAME,CALENDAR_DATE,PRICE,QUANTITY,YEAR,HOLIDAY,IS_WEEKEND,IS_SCHOOLBREAK,AVERAGE_TEMPERATURE,IS_OUTDOOR
178,2051,2,COKE,1/14/14,13.27,24,2014,No Holiday,0,0,28.4,1
218,2051,2,COKE,1/15/15,11.53,36,2015,No Holiday,0,0,32.0,1
250,2051,2,COKE,1/16/15,11.53,32,2015,No Holiday,0,0,32.0,1
378,2051,2,COKE,1/2/15,11.53,30,2015,No Holiday,0,0,37.4,1
610,2051,2,COKE,1/27/12,12.73,28,2012,No Holiday,0,0,32.0,1
770,2051,2,COKE,1/31/12,12.73,30,2012,No Holiday,0,0,32.0,1
802,2051,2,COKE,1/4/12,12.73,26,2012,No Holiday,0,0,32.0,1
858,2051,2,COKE,1/5/15,11.53,36,2015,No Holiday,0,0,33.8,1
890,2051,2,COKE,1/6/15,11.53,30,2015,No Holiday,0,0,32.0,1
922,2051,2,COKE,1/7/15,11.53,30,2015,No Holiday,0,0,32.0,1
1018,2051,2,COKE,10/10/12,12.35,36,2012,No Holiday,0,0,62.6,1
1026,2051,2,COKE,10/10/13,10.97,36,2013,No Holiday,0,0,59.0,1
1034,2051,2,COKE,10/10/14,12.87,34,2014,No Holiday,0,0,60.8,1
1042,2051,2,COKE,10/11/12,12.35,30,2012,No Holiday,0,0,62.6,1
1050,2051,2,COKE,10/11/13,10.97,34,2013,No Holiday,0,0,60.8,1
1066,2051,2,COKE,10/12/12,12.35,30,2012,No Holiday,0,0,62.6,1
1106,2051,2,COKE,10/13/14,12.87,30,2014,No Holiday,0,0,59.0,1
1122,2051,2,COKE,10/14/13,10.97,32,2013,No Holiday,0,0,55.4,1
1130,2051,2,COKE,10/14/14,12.87,32,2014,No Holiday,0,0,48.2,1
1138,2051,2,COKE,10/15/12,12.35,28,2012,No Holiday,0,0,59.0,1
1146,2051,2,COKE,10/15/13,10.97,36,2013,No Holiday,0,0,55.4,1
1154,2051,2,COKE,10/15/14,12.87,30,2014,No Holiday,0,0,48.2,1
1162,2051,2,COKE,10/16/12,12.35,28,2012,No Holiday,0,0,57.2,1
1170,2051,2,COKE,10/16/13,10.97,38,2013,No Holiday,0,0,51.8,1
1178,2051,2,COKE,10/16/14,12.87,26,2014,No Holiday,0,0,53.6,1
1186,2051,2,COKE,10/17/12,12.35,34,2012,No Holiday,0,0,57.2,1
1194,2051,2,COKE,10/17/13,10.97,36,2013,No Holiday,0,0,51.8,1
1202,2051,2,COKE,10/17/14,12.87,34,2014,No Holiday,0,0,55.4,1
1210,2051,2,COKE,10/18/12,12.35,34,2012,No Holiday,0,0,59.0,1
1218,2051,2,COKE,10/18/13,10.97,34,2013,No Holiday,0,0,55.4,1
1234,2051,2,COKE,10/19/12,12.35,28,2012,No Holiday,0,0,59.0,1
1298,2051,2,COKE,10/20/14,12.87,30,2014,No Holiday,0,0,55.4,1
1314,2051,2,COKE,10/21/13,10.97,34,2013,No Holiday,0,0,51.8,1
1322,2051,2,COKE,10/21/14,12.87,28,2014,No Holiday,0,0,53.6,1
1330,2051,2,COKE,10/22/12,12.35,34,2012,No Holiday,0,0,60.8,1
1338,2051,2,COKE,10/22/13,10.97,36,2013,No Holiday,0,0,50.0,1
1346,2051,2,COKE,10/22/14,12.87,28,2014,No Holiday,0,0,50.0,1
1354,2051,2,COKE,10/23/12,12.35,32,2012,No Holiday,0,0,50.0,1
1362,2051,2,COKE,10/23/13,10.97,32,2013,No Holiday,0,0,55.4,1
1370,2051,2,COKE,10/23/14,12.87,28,2014,No Holiday,0,0,48.2,1
1378,2051,2,COKE,10/24/12,12.35,28,2012,No Holiday,0,0,46.4,1
1386,2051,2,COKE,10/24/13,10.97,34,2013,No Holiday,0,0,57.2,1
1394,2051,2,COKE,10/24/14,12.87,34,2014,No Holiday,0,0,50.0,1
1402,2051,2,COKE,10/25/12,12.35,32,2012,No Holiday,0,0,50.0,1
1410,2051,2,COKE,10/25/13,10.97,40,2013,No Holiday,0,0,59.0,1
1426,2051,2,COKE,10/26/12,12.35,32,2012,No Holiday,0,0,48.2,1
1466,2051,2,COKE,10/27/14,12.87,34,2014,No Holiday,0,0,53.6,1
1482,2051,2,COKE,10/28/13,10.97,36,2013,No Holiday,0,0,53.6,1
1490,2051,2,COKE,10/28/14,12.87,32,2014,No Holiday,0,0,51.8,1
1498,2051,2,COKE,10/29/12,12.35,34,2012,No Holiday,0,0,53.6,1
1506,2051,2,COKE,10/29/13,10.97,40,2013,No Holiday,0,0,46.4,1
1514,2051,2,COKE,10/29/14,12.87,30,2014,No Holiday,0,0,48.2,1
1546,2051,2,COKE,10/30/12,12.35,34,2012,No Holiday,0,0,53.6,1
1554,2051,2,COKE,10/30/13,10.97,38,2013,No Holiday,0,0,44.6,1
1562,2051,2,COKE,10/30/14,12.87,32,2014,No Holiday,0,0,50.0,1
1570,2051,2,COKE,10/31/12,12.35,32,2012,No Holiday,0,0,53.6,1
1578,2051,2,COKE,10/31/13,10.97,40,2013,No Holiday,0,0,44.6,1
1586,2051,2,COKE,10/31/14,12.87,32,2014,No Holiday,0,0,48.2,1
1690,2051,2,COKE,10/8/12,12.35,32,2012,No Holiday,0,0,66.2,1
1698,2051,2,COKE,10/8/13,10.97,38,2013,No Holiday,0,0,66.2,1
1714,2051,2,COKE,10/9/12,12.35,36,2012,No Holiday,0,0,66.2,1
1722,2051,2,COKE,10/9/13,10.97,40,2013,No Holiday,0,0,60.8,1
1730,2051,2,COKE,10/9/14,12.87,34,2014,No Holiday,0,0,66.2,1
1738,2051,2,COKE,11/1/12,12.35,30,2012,No Holiday,0,0,51.8,1
1746,2051,2,COKE,11/1/13,10.97,38,2013,No Holiday,0,0,48.2,1
1778,2051,2,COKE,11/10/14,12.87,30,2014,No Holiday,0,0,42.8,1
1794,2051,2,COKE,11/11/13,10.97,34,2013,No Holiday,0,0,35.6,1
1802,2051,2,COKE,11/11/14,12.87,26,2014,No Holiday,0,0,44.6,1
1810,2051,2,COKE,11/12/12,12.35,28,2012,No Holiday,0,0,46.4,1
1818,2051,2,COKE,11/12/13,10.97,40,2013,No Holiday,0,0,37.4,1
1826,2051,2,COKE,11/12/14,12.87,34,2014,No Holiday,0,0,44.6,1
1834,2051,2,COKE,11/13/12,12.35,32,2012,No Holiday,0,0,42.8,1
1842,2051,2,COKE,11/13/13,10.97,40,2013,No Holiday,0,0,35.6,1
1850,2051,2,COKE,11/13/14,12.87,26,2014,No Holiday,0,0,46.4,1
1858,2051,2,COKE,11/14/12,12.35,34,2012,No Holiday,0,0,44.6,1
1866,2051,2,COKE,11/14/13,10.97,34,2013,No Holiday,0,0,37.4,1
1874,2051,2,COKE,11/14/14,12.87,34,2014,No Holiday,0,0,44.6,1
1882,2051,2,COKE,11/15/12,12.35,36,2012,No Holiday,0,0,44.6,1
1890,2051,2,COKE,11/15/13,10.97,40,2013,No Holiday,0,0,39.2,1
1906,2051,2,COKE,11/16/12,12.35,34,2012,No Holiday,0,0,46.4,1
1946,2051,2,COKE,11/17/14,12.87,30,2014,No Holiday,0,0,39.2,1
1962,2051,2,COKE,11/18/13,10.97,40,2013,No Holiday,0,0,42.8,1
1970,2051,2,COKE,11/18/14,12.87,28,2014,No Holiday,0,0,39.2,1
1978,2051,2,COKE,11/19/12,12.35,34,2012,No Holiday,0,0,37.4,1
1986,2051,2,COKE,11/19/13,10.97,34,2013,No Holiday,0,0,39.2,1
1994,2051,2,COKE,11/19/14,12.87,30,2014,No Holiday,0,0,39.2,1
2002,2051,2,COKE,11/2/12,12.35,36,2012,No Holiday,0,0,53.6,1
2026,2051,2,COKE,11/20/12,12.35,36,2012,No Holiday,0,0,37.4,1
2034,2051,2,COKE,11/20/13,10.97,36,2013,No Holiday,0,0,39.2,1
2042,2051,2,COKE,11/20/14,12.87,26,2014,No Holiday,0,0,39.2,1
2050,2051,2,COKE,11/21/12,12.35,36,2012,No Holiday,0,0,41.0,1
2058,2051,2,COKE,11/21/13,10.97,34,2013,No Holiday,0,0,41.0,1
2066,2051,2,COKE,11/21/14,12.87,28,2014,No Holiday,0,0,39.2,1
2074,2051,2,COKE,11/22/12,12.35,32,2012,No Holiday,0,0,39.2,1
2082,2051,2,COKE,11/22/13,10.97,34,2013,No Holiday,0,0,35.6,1
2098,2051,2,COKE,11/23/12,12.35,28,2012,No Holiday,0,0,33.8,1
2138,2051,2,COKE,11/24/14,12.87,34,2014,No Holiday,0,0,39.2,1
2154,2051,2,COKE,11/25/13,10.97,34,2013,No Holiday,0,0,37.4,1
2162,2051,2,COKE,11/25/14,12.87,26,2014,No Holiday,0,0,35.6,1
2170,2051,2,COKE,11/26/12,12.35,32,2012,No Holiday,0,0,39.2,1
2178,2051,2,COKE,11/26/13,10.97,32,2013,No Holiday,0,0,33.8,1
2186,2051,2,COKE,11/26/14,12.87,28,2014,No Holiday,0,0,33.8,1
2194,2051,2,COKE,11/27/12,12.35,36,2012,No Holiday,0,0,37.4,1
2202,2051,2,COKE,11/27/13,10.97,36,2013,No Holiday,0,0,35.6,1
2210,2051,2,COKE,11/27/14,12.87,34,2014,No Holiday,0,0,28.4,1
2218,2051,2,COKE,11/28/12,12.35,30,2012,No Holiday,0,0,35.6,1
2234,2051,2,COKE,11/28/14,12.87,32,2014,No Holiday,0,0,33.8,1
2242,2051,2,COKE,11/29/12,12.35,32,2012,No Holiday,0,0,32.0,1
2250,2051,2,COKE,11/29/13,10.97,36,2013,No Holiday,0,0,32.0,1
2282,2051,2,COKE,11/3/14,12.87,26,2014,No Holiday,0,0,50.0,1
2290,2051,2,COKE,11/30/12,12.35,28,2012,No Holiday,0,0,32.0,1
2322,2051,2,COKE,11/4/13,10.97,34,2013,No Holiday,0,0,35.6,1
2330,2051,2,COKE,11/4/14,12.87,32,2014,No Holiday,0,0,51.8,1
2338,2051,2,COKE,11/5/12,12.35,34,2012,No Holiday,0,0,53.6,1
2346,2051,2,COKE,11/5/13,10.97,36,2013,No Holiday,0,0,39.2,1
2354,2051,2,COKE,11/5/14,12.87,30,2014,No Holiday,0,0,50.0,1
2362,2051,2,COKE,11/6/12,12.35,32,2012,No Holiday,0,0,51.8,1
2370,2051,2,COKE,11/6/13,10.97,32,2013,No Holiday,0,0,41.0,1
2378,2051,2,COKE,11/6/14,12.87,30,2014,No Holiday,0,0,50.0,1
2386,2051,2,COKE,11/7/12,12.35,32,2012,No Holiday,0,0,50.0,1
2394,2051,2,COKE,11/7/13,10.97,38,2013,No Holiday,0,0,41.0,1
2402,2051,2,COKE,11/7/14,12.87,32,2014,No Holiday,0,0,48.2,1
2410,2051,2,COKE,11/8/12,12.35,34,2012,No Holiday,0,0,46.4,1
2418,2051,2,COKE,11/8/13,10.97,40,2013,No Holiday,0,0,42.8,1
2434,2051,2,COKE,11/9/12,12.35,30,2012,No Holiday,0,0,46.4,1
2474,2051,2,COKE,12/1/14,12.87,26,2014,No Holiday,0,0,39.2,1
2482,2051,2,COKE,12/10/12,12.35,34,2012,No Holiday,0,0,32.0,1
2498,2051,2,COKE,12/10/14,12.87,34,2014,No Holiday,0,0,33.8,1
2506,2051,2,COKE,12/11/12,12.35,36,2012,No Holiday,0,0,33.8,1
2522,2051,2,COKE,12/11/14,12.87,34,2014,No Holiday,0,0,33.8,1
2530,2051,2,COKE,12/12/12,12.35,36,2012,No Holiday,0,0,35.6,1
2538,2051,2,COKE,12/12/13,10.97,40,2013,No Holiday,0,0,30.2,1
2554,2051,2,COKE,12/13/12,12.35,28,2012,No Holiday,0,0,32.0,1
2562,2051,2,COKE,12/13/13,10.97,38,2013,No Holiday,0,0,30.2,1
2618,2051,2,COKE,12/15/14,12.87,28,2014,No Holiday,0,0,32.0,1
2634,2051,2,COKE,12/16/13,10.97,32,2013,No Holiday,0,0,32.0,1
2642,2051,2,COKE,12/16/14,11.53,38,2014,No Holiday,0,0,30.2,1
2698,2051,2,COKE,12/19/12,12.35,28,2012,No Holiday,0,0,30.2,1
2730,2051,2,COKE,12/2/13,10.97,40,2013,No Holiday,0,0,30.2,1
2738,2051,2,COKE,12/2/14,12.87,26,2014,No Holiday,0,0,41.0,1
2746,2051,2,COKE,12/20/12,12.35,32,2012,No Holiday,0,0,30.2,1
2754,2051,2,COKE,12/20/13,10.97,40,2013,No Holiday,0,0,26.6,1
2882,2051,2,COKE,12/25/14,11.53,30,2014,No Holiday,0,0,32.0,1
2890,2051,2,COKE,12/26/12,12.35,34,2012,No Holiday,0,0,30.2,1
2914,2051,2,COKE,12/27/12,13.13,24,2012,No Holiday,0,0,30.2,1
2986,2051,2,COKE,12/3/12,12.35,32,2012,No Holiday,0,0,32.0,1
3002,2051,2,COKE,12/3/14,12.87,26,2014,No Holiday,0,0,42.8,1
3026,2051,2,COKE,12/30/14,11.53,30,2014,No Holiday,0,0,33.8,1
3050,2051,2,COKE,12/31/14,11.53,32,2014,No Holiday,0,0,35.6,1
3058,2051,2,COKE,12/4/12,12.35,32,2012,No Holiday,0,0,33.8,1
3066,2051,2,COKE,12/4/13,10.97,32,2013,No Holiday,0,0,28.4,1
3074,2051,2,COKE,12/4/14,12.87,30,2014,No Holiday,0,0,42.8,1
3082,2051,2,COKE,12/5/12,12.35,28,2012,No Holiday,0,0,32.0,1
3098,2051,2,COKE,12/5/14,12.87,26,2014,No Holiday,0,0,39.2,1
3106,2051,2,COKE,12/6/12,12.35,34,2012,No Holiday,0,0,32.0,1
3170,2051,2,COKE,12/8/14,12.87,30,2014,No Holiday,0,0,39.2,1
3194,2051,2,COKE,12/9/14,12.87,30,2014,No Holiday,0,0,33.8,1
3202,2051,2,COKE,2/1/12,12.73,28,2012,No Holiday,0,0,32.0,1
3234,2051,2,COKE,2/10/12,12.73,26,2012,No Holiday,0,0,32.0,1
3306,2051,2,COKE,2/12/13,13.13,24,2013,No Holiday,0,0,32.0,1
3330,2051,2,COKE,2/13/12,12.73,30,2012,No Holiday,0,0,32.0,1
3338,2051,2,COKE,2/13/13,13.13,30,2013,No Holiday,0,0,33.8,1
3362,2051,2,COKE,2/14/12,12.73,32,2012,No Holiday,0,0,32.0,1
3394,2051,2,COKE,2/15/12,12.73,30,2012,No Holiday,0,0,32.0,1
3402,2051,2,COKE,2/15/13,13.13,26,2013,No Holiday,0,0,32.0,1
3426,2051,2,COKE,2/16/12,12.73,32,2012,No Holiday,0,0,32.0,1
3458,2051,2,COKE,2/17/12,12.73,26,2012,No Holiday,0,0,32.0,1
3482,2051,2,COKE,2/17/15,11.53,32,2015,No Holiday,0,0,32.0,1
3514,2051,2,COKE,2/18/15,11.53,34,2015,No Holiday,0,0,30.2,1
3530,2051,2,COKE,2/19/13,13.13,32,2013,No Holiday,0,0,32.0,1
3546,2051,2,COKE,2/19/15,11.53,32,2015,No Holiday,0,0,32.0,1
3586,2051,2,COKE,2/20/12,12.73,26,2012,No Holiday,0,0,37.4,1
3594,2051,2,COKE,2/20/13,13.13,30,2013,No Holiday,0,0,35.6,1
3610,2051,2,COKE,2/20/15,11.53,34,2015,No Holiday,0,0,32.0,1
3618,2051,2,COKE,2/21/12,12.73,26,2012,No Holiday,0,0,39.2,1
3626,2051,2,COKE,2/21/13,13.13,24,2013,No Holiday,0,0,33.8,1
3634,2051,2,COKE,2/21/14,13.27,28,2014,No Holiday,0,0,33.8,1
3650,2051,2,COKE,2/22/12,12.73,30,2012,No Holiday,0,0,39.2,1
3658,2051,2,COKE,2/22/13,13.13,26,2013,No Holiday,0,0,35.6,1
3682,2051,2,COKE,2/23/12,12.73,30,2012,No Holiday,0,0,42.8,1
3706,2051,2,COKE,2/23/15,11.53,38,2015,No Holiday,0,0,33.8,1
3714,2051,2,COKE,2/24/12,12.73,28,2012,No Holiday,0,0,39.2,1
3730,2051,2,COKE,2/24/14,13.27,26,2014,No Holiday,0,0,33.8,1
3738,2051,2,COKE,2/24/15,11.53,30,2015,No Holiday,0,0,39.2,1
3754,2051,2,COKE,2/25/13,13.13,30,2013,No Holiday,0,0,32.0,1
3762,2051,2,COKE,2/25/14,13.27,26,2014,No Holiday,0,0,28.4,1
3770,2051,2,COKE,2/25/15,11.53,36,2015,No Holiday,0,0,41.0,1
3786,2051,2,COKE,2/26/13,13.13,26,2013,No Holiday,0,0,32.0,1
3794,2051,2,COKE,2/26/14,13.27,24,2014,No Holiday,0,0,37.4,1
3802,2051,2,COKE,2/26/15,11.53,38,2015,No Holiday,0,0,41.0,1
3810,2051,2,COKE,2/27/12,12.73,30,2012,No Holiday,0,0,30.2,1
3818,2051,2,COKE,2/27/13,13.13,28,2013,No Holiday,0,0,35.6,1
3826,2051,2,COKE,2/27/14,13.27,26,2014,No Holiday,0,0,42.8,1
3834,2051,2,COKE,2/27/15,11.53,38,2015,No Holiday,0,0,37.4,1
3842,2051,2,COKE,2/28/12,12.73,26,2012,No Holiday,0,0,33.8,1
3850,2051,2,COKE,2/28/13,13.13,28,2013,No Holiday,0,0,35.6,1
3858,2051,2,COKE,2/28/14,13.27,26,2014,No Holiday,0,0,41.0,1
4066,2051,2,COKE,2/9/12,12.73,28,2012,No Holiday,0,0,32.0,1
4098,2051,2,COKE,3/1/12,12.73,32,2012,No Holiday,0,0,33.8,1
4112,2051,2,COKE,3/1/13,12.64,38,2013,No Holiday,0,0,39.2,1
4113,2051,2,COKE,3/1/13,12.64,38,2013,No Holiday,0,0,32.0,1
4114,2051,2,COKE,3/1/13,15.5,178,2013,No Holiday,0,0,39.2,1
4115,2051,2,COKE,3/1/13,15.5,178,2013,No Holiday,0,0,32.0,1
4170,2051,2,COKE,3/10/14,13.27,32,2014,No Holiday,0,0,39.2,1
4178,2051,2,COKE,3/10/15,11.53,36,2015,No Holiday,0,0,42.8,1
4202,2051,2,COKE,3/11/14,13.27,24,2014,No Holiday,0,0,46.4,1
4210,2051,2,COKE,3/11/15,11.53,36,2015,No Holiday,0,0,44.6,1
4218,2051,2,COKE,3/12/12,12.73,34,2012,No Holiday,0,0,55.4,1
4226,2051,2,COKE,3/12/13,13.13,32,2013,No Holiday,0,0,37.4,1
4234,2051,2,COKE,3/12/14,13.27,24,2014,No Holiday,0,0,39.2,1
4242,2051,2,COKE,3/12/15,11.53,32,2015,No Holiday,0,0,39.2,1
4250,2051,2,COKE,3/13/12,12.73,28,2012,No Holiday,0,0,50.0,1
4258,2051,2,COKE,3/13/13,13.13,24,2013,No Holiday,0,0,42.8,1
4266,2051,2,COKE,3/13/14,13.27,28,2014,No Holiday,0,0,37.4,1
4274,2051,2,COKE,3/13/15,11.53,34,2015,No Holiday,0,0,46.4,1
4282,2051,2,COKE,3/14/12,12.73,28,2012,No Holiday,0,0,41.0,1
4290,2051,2,COKE,3/14/13,13.13,24,2013,No Holiday,0,0,42.8,1
4298,2051,2,COKE,3/14/14,13.27,30,2014,No Holiday,0,0,41.0,1
4314,2051,2,COKE,3/15/12,12.73,26,2012,No Holiday,0,0,37.4,1
4322,2051,2,COKE,3/15/13,13.13,26,2013,No Holiday,0,0,44.6,1
4346,2051,2,COKE,3/16/12,12.73,32,2012,No Holiday,0,0,42.8,1
4370,2051,2,COKE,3/16/15,11.53,32,2015,No Holiday,0,0,51.8,1
4394,2051,2,COKE,3/17/14,13.27,30,2014,No Holiday,0,0,53.6,1
4402,2051,2,COKE,3/17/15,11.53,32,2015,No Holiday,0,0,53.6,1
4418,2051,2,COKE,3/18/13,13.13,30,2013,No Holiday,0,0,35.6,1
4426,2051,2,COKE,3/18/14,13.27,32,2014,No Holiday,0,0,42.8,1
4434,2051,2,COKE,3/18/15,11.53,38,2015,No Holiday,0,0,51.8,1
4442,2051,2,COKE,3/19/12,12.73,30,2012,No Holiday,0,0,46.4,1
4450,2051,2,COKE,3/19/13,13.13,30,2013,No Holiday,0,0,37.4,1
4458,2051,2,COKE,3/19/14,13.27,26,2014,No Holiday,0,0,32.0,1
4466,2051,2,COKE,3/19/15,11.53,36,2015,No Holiday,0,0,46.4,1
4474,2051,2,COKE,3/2/12,12.73,34,2012,No Holiday,0,0,35.6,1
4498,2051,2,COKE,3/2/15,11.53,38,2015,No Holiday,0,0,39.2,1
4506,2051,2,COKE,3/20/12,12.73,30,2012,No Holiday,0,0,44.6,1
4514,2051,2,COKE,3/20/13,13.13,30,2013,No Holiday,0,0,44.6,1
4522,2051,2,COKE,3/20/14,13.27,28,2014,No Holiday,0,0,39.2,1
4530,2051,2,COKE,3/20/15,11.53,38,2015,No Holiday,0,0,50.0,1
4538,2051,2,COKE,3/21/12,12.73,28,2012,No Holiday,0,0,37.4,1
4546,2051,2,COKE,3/21/13,13.13,28,2013,No Holiday,0,0,46.4,1
4554,2051,2,COKE,3/21/14,13.27,30,2014,No Holiday,0,0,46.4,1
4570,2051,2,COKE,3/22/12,12.73,28,2012,No Holiday,0,0,39.2,1
4578,2051,2,COKE,3/22/13,13.13,32,2013,No Holiday,0,0,41.0,1
4602,2051,2,COKE,3/23/12,12.73,34,2012,No Holiday,0,0,42.8,1
4626,2051,2,COKE,3/23/15,11.53,36,2015,No Holiday,0,0,55.4,1
4650,2051,2,COKE,3/24/14,13.27,32,2014,No Holiday,0,0,39.2,1
4658,2051,2,COKE,3/24/15,11.53,36,2015,No Holiday,0,0,59.0,1
4674,2051,2,COKE,3/25/13,13.13,28,2013,No Holiday,0,0,46.4,1
4682,2051,2,COKE,3/25/14,13.27,30,2014,No Holiday,0,0,42.8,1
4690,2051,2,COKE,3/25/15,11.53,38,2015,No Holiday,0,0,60.8,1
4698,2051,2,COKE,3/26/12,12.73,28,2012,No Holiday,0,0,46.4,1
4706,2051,2,COKE,3/26/13,13.13,28,2013,No Holiday,0,0,32.0,1
4714,2051,2,COKE,3/26/14,13.27,26,2014,No Holiday,0,0,48.2,1
4722,2051,2,COKE,3/26/15,11.53,30,2015,No Holiday,0,0,60.8,1
4730,2051,2,COKE,3/27/12,12.73,34,2012,No Holiday,0,0,48.2,1
4738,2051,2,COKE,3/27/13,13.13,24,2013,No Holiday,0,0,55.4,1
4746,2051,2,COKE,3/27/14,13.27,26,2014,No Holiday,0,0,50.0,1
4754,2051,2,COKE,3/27/15,11.53,38,2015,No Holiday,0,0,62.6,1
4762,2051,2,COKE,3/28/12,12.73,34,2012,No Holiday,0,0,50.0,1
4770,2051,2,COKE,3/28/13,13.13,28,2013,No Holiday,0,0,59.0,1
4778,2051,2,COKE,3/28/14,13.27,28,2014,No Holiday,0,0,41.0,1
4794,2051,2,COKE,3/29/12,12.73,30,2012,No Holiday,0,0,51.8,1
4802,2051,2,COKE,3/29/13,13.13,28,2013,No Holiday,0,0,53.6,1
4842,2051,2,COKE,3/3/14,13.27,32,2014,No Holiday,0,0,44.6,1
4850,2051,2,COKE,3/3/15,11.53,36,2015,No Holiday,0,0,37.4,1
4858,2051,2,COKE,3/30/12,12.73,34,2012,No Holiday,0,0,57.2,1
4882,2051,2,COKE,3/30/15,11.53,36,2015,No Holiday,0,0,62.6,1
4906,2051,2,COKE,3/31/14,13.27,30,2014,No Holiday,0,0,48.2,1
4914,2051,2,COKE,3/31/15,11.53,30,2015,No Holiday,0,0,57.2,1
4930,2051,2,COKE,3/4/13,13.13,30,2013,No Holiday,0,0,35.6,1
4938,2051,2,COKE,3/4/14,13.27,28,2014,No Holiday,0,0,46.4,1
4946,2051,2,COKE,3/4/15,11.53,38,2015,No Holiday,0,0,35.6,1
4954,2051,2,COKE,3/5/12,12.73,34,2012,No Holiday,0,0,44.6,1
4962,2051,2,COKE,3/5/13,13.13,28,2013,No Holiday,0,0,35.6,1
4970,2051,2,COKE,3/5/14,13.27,28,2014,No Holiday,0,0,50.0,1
4978,2051,2,COKE,3/5/15,11.53,32,2015,No Holiday,0,0,37.4,1
4986,2051,2,COKE,3/6/12,12.73,26,2012,No Holiday,0,0,39.2,1
4994,2051,2,COKE,3/6/13,13.13,30,2013,No Holiday,0,0,39.2,1
5002,2051,2,COKE,3/6/14,13.27,24,2014,No Holiday,0,0,46.4,1
5010,2051,2,COKE,3/6/15,11.53,30,2015,No Holiday,0,0,35.6,1
5018,2051,2,COKE,3/7/12,12.73,34,2012,No Holiday,0,0,39.2,1
5026,2051,2,COKE,3/7/13,13.13,28,2013,No Holiday,0,0,39.2,1
5034,2051,2,COKE,3/7/14,13.27,24,2014,No Holiday,0,0,50.0,1
5050,2051,2,COKE,3/8/12,12.73,28,2012,No Holiday,0,0,39.2,1
5058,2051,2,COKE,3/8/13,13.13,28,2013,No Holiday,0,0,32.0,1
5082,2051,2,COKE,3/9/12,12.73,34,2012,No Holiday,0,0,41.0,1
5106,2051,2,COKE,3/9/15,11.53,38,2015,No Holiday,0,0,39.2,1
5122,2051,2,COKE,4/1/13,13.13,32,2013,No Holiday,0,0,46.4,1
5130,2051,2,COKE,4/1/14,13.27,24,2014,No Holiday,0,0,46.4,1
5138,2051,2,COKE,4/1/15,11.53,30,2015,No Holiday,0,0,62.6,1
5146,2051,2,COKE,4/10/12,12.73,28,2012,No Holiday,0,0,50.0,1
5154,2051,2,COKE,4/10/13,13.13,28,2013,No Holiday,0,0,59.0,1
5162,2051,2,COKE,4/10/14,13.27,32,2014,No Holiday,0,0,46.4,1
5170,2051,2,COKE,4/10/15,11.53,38,2015,No Holiday,0,0,57.2,1
5178,2051,2,COKE,4/11/12,12.73,34,2012,No Holiday,0,0,57.2,1
5186,2051,2,COKE,4/11/13,13.13,30,2013,No Holiday,0,0,57.2,1
5194,2051,2,COKE,4/11/14,13.27,26,2014,No Holiday,0,0,48.2,1
5210,2051,2,COKE,4/12/12,12.73,30,2012,No Holiday,0,0,62.6,1
5218,2051,2,COKE,4/12/13,13.13,28,2013,No Holiday,0,0,60.8,1
5242,2051,2,COKE,4/13/12,12.73,30,2012,No Holiday,0,0,66.2,1
5266,2051,2,COKE,4/13/15,11.53,32,2015,No Holiday,0,0,62.6,1
5290,2051,2,COKE,4/14/14,13.27,28,2014,No Holiday,0,0,50.0,1
5298,2051,2,COKE,4/14/15,11.53,30,2015,No Holiday,0,0,66.2,1
5314,2051,2,COKE,4/15/13,13.13,28,2013,No Holiday,0,0,64.4,1
5322,2051,2,COKE,4/15/14,13.27,24,2014,No Holiday,0,0,55.4,1
5330,2051,2,COKE,4/15/15,12.66,26,2015,No Holiday,0,0,64.4,1
5338,2051,2,COKE,4/16/12,12.73,30,2012,No Holiday,0,0,66.2,1
5346,2051,2,COKE,4/16/13,13.13,24,2013,No Holiday,0,0,60.8,1
5354,2051,2,COKE,4/16/14,13.27,26,2014,No Holiday,0,0,53.6,1
5362,2051,2,COKE,4/16/15,12.66,28,2015,No Holiday,0,0,60.8,1
5370,2051,2,COKE,4/17/12,12.73,28,2012,No Holiday,0,0,57.2,1
5378,2051,2,COKE,4/17/13,13.13,28,2013,No Holiday,0,0,69.8,1
5386,2051,2,COKE,4/17/14,13.27,24,2014,No Holiday,0,0,55.4,1
5394,2051,2,COKE,4/17/15,12.66,30,2015,No Holiday,0,0,57.2,1
5402,2051,2,COKE,4/18/12,12.73,32,2012,No Holiday,0,0,57.2,1
5410,2051,2,COKE,4/18/13,13.13,32,2013,No Holiday,0,0,66.2,1
5418,2051,2,COKE,4/18/14,13.27,32,2014,No Holiday,0,0,50.0,1
5434,2051,2,COKE,4/19/12,12.73,30,2012,No Holiday,0,0,62.6,1
5442,2051,2,COKE,4/19/13,13.13,32,2013,No Holiday,0,0,62.6,1
5466,2051,2,COKE,4/2/12,12.73,26,2012,No Holiday,0,0,44.6,1
5482,2051,2,COKE,4/2/14,13.27,32,2014,No Holiday,0,0,53.6,1
5490,2051,2,COKE,4/2/15,11.53,30,2015,No Holiday,0,0,60.8,1
5498,2051,2,COKE,4/20/12,12.73,28,2012,No Holiday,0,0,66.2,1
5522,2051,2,COKE,4/20/15,12.66,28,2015,No Holiday,0,0,60.8,1
5546,2051,2,COKE,4/21/14,12.14,28,2014,No Holiday,0,0,53.6,1
5554,2051,2,COKE,4/21/15,12.66,28,2015,No Holiday,0,0,62.6,1
5570,2051,2,COKE,4/22/13,13.13,24,2013,No Holiday,0,0,32.0,1
5578,2051,2,COKE,4/22/14,12.14,30,2014,No Holiday,0,0,57.2,1
5586,2051,2,COKE,4/22/15,12.66,34,2015,No Holiday,0,0,68.0,1
5594,2051,2,COKE,4/23/12,12.73,28,2012,No Holiday,0,0,55.4,1
5602,2051,2,COKE,4/23/13,13.13,30,2013,No Holiday,0,0,66.2,1
5610,2051,2,COKE,4/23/14,12.14,36,2014,No Holiday,0,0,53.6,1
5618,2051,2,COKE,4/23/15,12.66,26,2015,No Holiday,0,0,69.8,1
5626,2051,2,COKE,4/24/12,12.73,32,2012,No Holiday,0,0,60.8,1
5634,2051,2,COKE,4/24/13,13.13,30,2013,No Holiday,0,0,59.0,1
5642,2051,2,COKE,4/24/14,12.14,36,2014,No Holiday,0,0,60.8,1
5650,2051,2,COKE,4/24/15,12.66,28,2015,No Holiday,0,0,66.2,1
5658,2051,2,COKE,4/25/12,12.73,28,2012,No Holiday,0,0,55.4,1
5666,2051,2,COKE,4/25/13,13.08,28,2013,No Holiday,0,0,55.4,1
5674,2051,2,COKE,4/25/14,12.14,32,2014,No Holiday,0,0,59.0,1
5690,2051,2,COKE,4/26/12,12.73,30,2012,No Holiday,0,0,53.6,1
5698,2051,2,COKE,4/26/13,13.08,34,2013,No Holiday,0,0,64.4,1
5722,2051,2,COKE,4/27/12,12.73,28,2012,No Holiday,0,0,60.8,1
5746,2051,2,COKE,4/27/15,12.66,28,2015,No Holiday,0,0,64.4,1
5770,2051,2,COKE,4/28/14,12.14,36,2014,No Holiday,0,0,59.0,1
5778,2051,2,COKE,4/28/15,12.66,28,2015,No Holiday,0,0,64.4,1
5810,2051,2,COKE,4/29/15,12.66,28,2015,No Holiday,0,0,68.0,1
5834,2051,2,COKE,4/3/14,13.27,24,2014,No Holiday,0,0,50.0,1
5842,2051,2,COKE,4/3/15,11.53,30,2015,No Holiday,0,0,55.4,1
5874,2051,2,COKE,4/30/15,12.66,30,2015,No Holiday,0,0,71.6,1
5922,2051,2,COKE,4/5/13,13.13,30,2013,No Holiday,0,0,50.0,1
5946,2051,2,COKE,4/6/12,12.73,28,2012,No Holiday,0,0,55.4,1
5994,2051,2,COKE,4/7/14,13.27,30,2014,No Holiday,0,0,50.0,1
6018,2051,2,COKE,4/8/13,13.13,30,2013,No Holiday,0,0,59.0,1
6026,2051,2,COKE,4/8/14,13.27,32,2014,No Holiday,0,0,46.4,1
6034,2051,2,COKE,4/8/15,11.53,30,2015,No Holiday,0,0,64.4,1
6042,2051,2,COKE,4/9/12,12.73,30,2012,No Holiday,0,0,60.8,1
6050,2051,2,COKE,4/9/13,13.13,26,2013,No Holiday,0,0,66.2,1
6058,2051,2,COKE,4/9/14,13.27,28,2014,No Holiday,0,0,46.4,1
6066,2051,2,COKE,4/9/15,11.53,36,2015,No Holiday,0,0,66.2,1
6106,2051,2,COKE,5/10/12,11.49,36,2012,No Holiday,0,0,66.2,1
6114,2051,2,COKE,5/10/13,13.08,34,2013,No Holiday,0,0,75.2,1
6138,2051,2,COKE,5/11/12,11.49,36,2012,No Holiday,0,0,68.0,1
6162,2051,2,COKE,5/11/15,12.66,28,2015,No Holiday,0,0,51.8,1
6186,2051,2,COKE,5/12/14,12.14,28,2014,No Holiday,0,0,73.4,1
6194,2051,2,COKE,5/12/15,12.66,26,2015,No Holiday,0,0,71.6,1
6210,2051,2,COKE,5/13/13,13.08,32,2013,No Holiday,0,0,68.0,1
6218,2051,2,COKE,5/13/14,12.14,32,2014,No Holiday,0,0,73.4,1
6226,2051,2,COKE,5/13/15,12.66,26,2015,No Holiday,0,0,73.4,1
6234,2051,2,COKE,5/14/12,11.49,36,2012,No Holiday,0,0,71.6,1
6242,2051,2,COKE,5/14/13,13.08,30,2013,No Holiday,0,0,66.2,1
6250,2051,2,COKE,5/14/14,12.14,32,2014,No Holiday,0,0,71.6,1
6258,2051,2,COKE,5/14/15,12.66,30,2015,No Holiday,0,0,62.6,1
6266,2051,2,COKE,5/15/12,11.49,32,2012,No Holiday,0,0,66.2,1
6274,2051,2,COKE,5/15/13,13.08,28,2013,No Holiday,0,0,68.0,1
6282,2051,2,COKE,5/15/14,12.14,36,2014,No Holiday,0,0,71.6,1
6290,2051,2,COKE,5/15/15,12.66,34,2015,No Holiday,0,0,71.6,1
6298,2051,2,COKE,5/16/12,11.49,32,2012,No Holiday,0,0,69.8,1
6306,2051,2,COKE,5/16/13,13.08,30,2013,No Holiday,0,0,69.8,1
6314,2051,2,COKE,5/16/14,12.14,28,2014,No Holiday,0,0,68.0,1
6330,2051,2,COKE,5/17/12,11.49,32,2012,No Holiday,0,0,71.6,1
6338,2051,2,COKE,5/17/13,13.08,26,2013,No Holiday,0,0,73.4,1
6362,2051,2,COKE,5/18/12,11.49,38,2012,No Holiday,0,0,75.2,1
6386,2051,2,COKE,5/18/15,12.66,30,2015,No Holiday,0,0,75.2,1
6410,2051,2,COKE,5/19/14,12.14,32,2014,No Holiday,0,0,68.0,1
6418,2051,2,COKE,5/19/15,12.66,32,2015,No Holiday,0,0,75.2,1
6434,2051,2,COKE,5/2/13,13.08,28,2013,No Holiday,0,0,73.4,1
6442,2051,2,COKE,5/2/14,12.14,36,2014,No Holiday,0,0,62.6,1
6466,2051,2,COKE,5/20/13,13.08,26,2013,No Holiday,0,0,71.6,1
6474,2051,2,COKE,5/20/14,12.14,32,2014,No Holiday,0,0,75.2,1
6482,2051,2,COKE,5/20/15,12.66,26,2015,No Holiday,0,0,75.2,1
6490,2051,2,COKE,5/21/12,11.49,38,2012,No Holiday,0,0,66.2,1
6498,2051,2,COKE,5/21/13,13.08,34,2013,No Holiday,0,0,75.2,1
6506,2051,2,COKE,5/21/14,12.14,32,2014,No Holiday,0,0,75.2,1
6514,2051,2,COKE,5/21/15,12.66,32,2015,No Holiday,0,0,77.0,1
6522,2051,2,COKE,5/22/12,11.49,30,2012,No Holiday,0,0,71.6,1
6530,2051,2,COKE,5/22/13,13.08,34,2013,No Holiday,0,0,71.6,1
6538,2051,2,COKE,5/22/14,12.14,28,2014,No Holiday,0,0,71.6,1
6546,2051,2,COKE,5/22/15,12.66,32,2015,No Holiday,0,0,82.4,1
6554,2051,2,COKE,5/23/12,11.49,38,2012,No Holiday,0,0,73.4,1
6562,2051,2,COKE,5/23/13,13.08,26,2013,No Holiday,0,0,73.4,1
6570,2051,2,COKE,5/23/14,12.14,30,2014,No Holiday,0,0,75.2,1
6586,2051,2,COKE,5/24/12,11.49,32,2012,No Holiday,0,0,73.4,1
6594,2051,2,COKE,5/24/13,13.08,28,2013,No Holiday,0,0,71.6,1
6618,2051,2,COKE,5/25/12,11.49,36,2012,No Holiday,0,0,71.6,1
6642,2051,2,COKE,5/25/15,12.66,32,2015,No Holiday,0,0,73.4,1
6666,2051,2,COKE,5/26/14,12.14,30,2014,No Holiday,0,0,68.0,1
6674,2051,2,COKE,5/26/15,12.66,34,2015,No Holiday,0,0,80.6,1
6690,2051,2,COKE,5/27/13,13.08,26,2013,No Holiday,0,0,80.6,1
6698,2051,2,COKE,5/27/14,12.14,32,2014,No Holiday,0,0,69.8,1
6706,2051,2,COKE,5/27/15,12.66,34,2015,No Holiday,0,0,78.8,1
6714,2051,2,COKE,5/28/12,11.49,34,2012,No Holiday,0,0,80.6,1
6722,2051,2,COKE,5/28/13,13.08,28,2013,No Holiday,0,0,80.6,1
6730,2051,2,COKE,5/28/14,12.14,28,2014,No Holiday,0,0,68.0,1
6738,2051,2,COKE,5/28/15,12.66,32,2015,No Holiday,0,0,84.2,1
6746,2051,2,COKE,5/29/12,11.49,38,2012,No Holiday,0,0,71.6,1
6754,2051,2,COKE,5/29/13,13.08,32,2013,No Holiday,0,0,69.8,1
6762,2051,2,COKE,5/29/14,12.14,32,2014,No Holiday,0,0,71.6,1
6770,2051,2,COKE,5/29/15,12.66,34,2015,No Holiday,0,0,86.0,1
6778,2051,2,COKE,5/3/12,11.49,32,2012,No Holiday,0,0,66.2,1
6786,2051,2,COKE,5/3/13,13.08,28,2013,No Holiday,0,0,75.2,1
6810,2051,2,COKE,5/30/12,11.49,38,2012,No Holiday,0,0,75.2,1
6818,2051,2,COKE,5/30/13,13.08,26,2013,No Holiday,0,0,68.0,1
6826,2051,2,COKE,5/30/14,12.14,34,2014,No Holiday,0,0,78.8,1
6842,2051,2,COKE,5/31/12,11.49,30,2012,No Holiday,0,0,73.4,1
6850,2051,2,COKE,5/31/13,13.08,26,2013,No Holiday,0,0,71.6,1
6874,2051,2,COKE,5/4/12,11.49,30,2012,No Holiday,0,0,60.8,1
6898,2051,2,COKE,5/4/15,12.66,26,2015,No Holiday,0,0,55.4,1
6922,2051,2,COKE,5/5/14,12.14,28,2014,No Holiday,0,0,73.4,1
6930,2051,2,COKE,5/5/15,12.66,34,2015,No Holiday,0,0,57.2,1
6946,2051,2,COKE,5/6/13,13.08,26,2013,No Holiday,0,0,75.2,1
6954,2051,2,COKE,5/6/14,12.14,34,2014,No Holiday,0,0,73.4,1
6962,2051,2,COKE,5/6/15,12.66,30,2015,No Holiday,0,0,59.0,1
6970,2051,2,COKE,5/7/12,11.49,34,2012,No Holiday,0,0,68.0,1
6978,2051,2,COKE,5/7/13,13.08,32,2013,No Holiday,0,0,32.0,1
6986,2051,2,COKE,5/7/14,12.14,28,2014,No Holiday,0,0,73.4,1
6994,2051,2,COKE,5/7/15,12.66,26,2015,No Holiday,0,0,64.4,1
7002,2051,2,COKE,5/8/12,11.49,36,2012,No Holiday,0,0,59.0,1
7010,2051,2,COKE,5/8/13,13.08,26,2013,No Holiday,0,0,73.4,1
7018,2051,2,COKE,5/8/14,12.14,28,2014,No Holiday,0,0,69.8,1
7026,2051,2,COKE,5/8/15,12.66,28,2015,No Holiday,0,0,64.4,1
7034,2051,2,COKE,5/9/12,11.49,32,2012,No Holiday,0,0,69.8,1
7042,2051,2,COKE,5/9/13,13.08,28,2013,No Holiday,0,0,73.4,1
7050,2051,2,COKE,5/9/14,12.14,30,2014,No Holiday,0,0,64.4,1
7066,2051,2,COKE,6/1/12,11.49,34,2012,No Holiday,0,0,77.0,1
7106,2051,2,COKE,6/10/13,13.08,32,2013,No Holiday,0,0,71.6,1
7122,2051,2,COKE,6/10/15,12.66,30,2015,No Holiday,0,0,73.4,1
7130,2051,2,COKE,6/11/12,11.49,34,2012,No Holiday,0,0,73.4,1
7138,2051,2,COKE,6/11/13,13.08,34,2013,No Holiday,0,0,77.0,1
7154,2051,2,COKE,6/11/15,12.66,30,2015,No Holiday,0,0,73.4,1
7162,2051,2,COKE,6/12/12,11.49,36,2012,No Holiday,0,0,80.6,1
7170,2051,2,COKE,6/12/13,13.08,30,2013,No Holiday,0,0,73.4,1
7186,2051,2,COKE,6/12/15,12.66,30,2015,No Holiday,0,0,80.6,1
7194,2051,2,COKE,6/13/12,11.49,36,2012,No Holiday,0,0,82.4,1
7202,2051,2,COKE,6/13/13,13.08,28,2013,No Holiday,0,0,69.8,1
7210,2051,2,COKE,6/13/14,12.14,28,2014,No Holiday,0,0,77.0,1
7226,2051,2,COKE,6/14/12,11.49,30,2012,No Holiday,0,0,82.4,1
7234,2051,2,COKE,6/14/13,13.08,32,2013,No Holiday,0,0,71.6,1
7258,2051,2,COKE,6/15/12,11.49,32,2012,No Holiday,0,0,77.0,1
7282,2051,2,COKE,6/15/15,12.66,34,2015,No Holiday,0,0,82.4,1
7306,2051,2,COKE,6/16/14,12.14,36,2014,No Holiday,0,0,75.2,1
7314,2051,2,COKE,6/16/15,12.66,28,2015,No Holiday,0,0,77.0,1
7330,2051,2,COKE,6/17/13,13.08,26,2013,No Holiday,0,0,87.8,1
7338,2051,2,COKE,6/17/14,12.14,34,2014,No Holiday,0,0,77.0,1
7346,2051,2,COKE,6/17/15,12.66,32,2015,No Holiday,0,0,75.2,1
7354,2051,2,COKE,6/18/12,11.49,36,2012,No Holiday,0,0,80.6,1
7362,2051,2,COKE,6/18/13,13.08,28,2013,No Holiday,0,0,86.0,1
7370,2051,2,COKE,6/18/14,12.14,34,2014,No Holiday,0,0,80.6,1
7378,2051,2,COKE,6/18/15,12.66,28,2015,No Holiday,0,0,77.0,1
7386,2051,2,COKE,6/19/12,11.49,36,2012,No Holiday,0,0,82.4,1
7394,2051,2,COKE,6/19/13,13.08,28,2013,No Holiday,0,0,82.4,1
7402,2051,2,COKE,6/19/14,12.14,36,2014,No Holiday,0,0,82.4,1
7410,2051,2,COKE,6/19/15,12.66,26,2015,No Holiday,0,0,73.4,1
7434,2051,2,COKE,6/2/14,12.14,36,2014,No Holiday,0,0,73.4,1
7450,2051,2,COKE,6/20/12,11.49,38,2012,No Holiday,0,0,82.4,1
7458,2051,2,COKE,6/20/13,13.08,26,2013,No Holiday,0,0,80.6,1
7466,2051,2,COKE,6/20/14,12.14,30,2014,No Holiday,0,0,80.6,1
7482,2051,2,COKE,6/21/12,11.49,30,2012,No Holiday,0,0,84.2,1
7490,2051,2,COKE,6/21/13,13.08,30,2013,No Holiday,0,0,80.6,1
7514,2051,2,COKE,6/22/12,11.49,34,2012,No Holiday,0,0,78.8,1
7538,2051,2,COKE,6/22/15,12.66,28,2015,No Holiday,0,0,73.4,1
7562,2051,2,COKE,6/23/14,12.14,34,2014,No Holiday,0,0,78.8,1
7570,2051,2,COKE,6/23/15,12.66,28,2015,No Holiday,0,0,78.8,1
7594,2051,2,COKE,6/24/14,12.14,28,2014,No Holiday,0,0,78.8,1
7602,2051,2,COKE,6/24/15,12.66,34,2015,No Holiday,0,0,80.6,1
7610,2051,2,COKE,6/25/12,11.49,32,2012,No Holiday,0,0,75.2,1
7618,2051,2,COKE,6/25/13,13.08,34,2013,No Holiday,0,0,77.0,1
7626,2051,2,COKE,6/25/14,12.14,32,2014,No Holiday,0,0,77.0,1
7634,2051,2,COKE,6/25/15,12.66,30,2015,No Holiday,0,0,75.2,1
7642,2051,2,COKE,6/26/12,11.49,34,2012,No Holiday,0,0,78.8,1
7650,2051,2,COKE,6/26/13,13.08,34,2013,No Holiday,0,0,75.2,1
7658,2051,2,COKE,6/26/14,12.14,36,2014,No Holiday,0,0,77.0,1
7666,2051,2,COKE,6/26/15,12.66,30,2015,No Holiday,0,0,80.6,1
7674,2051,2,COKE,6/27/12,11.49,36,2012,No Holiday,0,0,80.6,1
7682,2051,2,COKE,6/27/13,13.08,30,2013,No Holiday,0,0,75.2,1
7690,2051,2,COKE,6/27/14,12.14,32,2014,No Holiday,0,0,82.4,1
7706,2051,2,COKE,6/28/12,11.49,36,2012,No Holiday,0,0,80.6,1
7714,2051,2,COKE,6/28/13,13.08,30,2013,No Holiday,0,0,71.6,1
7738,2051,2,COKE,6/29/12,11.49,30,2012,No Holiday,0,0,80.6,1
7762,2051,2,COKE,6/29/15,12.66,30,2015,No Holiday,0,0,84.2,1
7778,2051,2,COKE,6/3/13,13.08,26,2013,No Holiday,0,0,68.0,1
7786,2051,2,COKE,6/3/14,12.14,34,2014,No Holiday,0,0,77.0,1
7794,2051,2,COKE,6/3/15,12.66,26,2015,No Holiday,0,0,78.8,1
7842,2051,2,COKE,6/4/13,13.08,26,2013,No Holiday,0,0,77.0,1
7850,2051,2,COKE,6/4/14,12.14,30,2014,No Holiday,0,0,73.4,1
7858,2051,2,COKE,6/4/15,12.66,34,2015,No Holiday,0,0,78.8,1
7874,2051,2,COKE,6/5/13,13.08,26,2013,No Holiday,0,0,78.8,1
7882,2051,2,COKE,6/5/14,12.14,30,2014,No Holiday,0,0,73.4,1
7890,2051,2,COKE,6/5/15,12.66,34,2015,No Holiday,0,0,82.4,1
7906,2051,2,COKE,6/6/13,13.08,32,2013,No Holiday,0,0,77.0,1
7914,2051,2,COKE,6/6/14,12.14,36,2014,No Holiday,0,0,69.8,1
7930,2051,2,COKE,6/7/12,11.49,36,2012,No Holiday,0,0,82.4,1
7962,2051,2,COKE,6/8/12,11.49,34,2012,No Holiday,0,0,80.6,1
8010,2051,2,COKE,6/9/14,12.14,34,2014,No Holiday,0,0,64.4,1
8018,2051,2,COKE,6/9/15,12.66,26,2015,No Holiday,0,0,75.2,1
8058,2051,2,COKE,7/10/12,11.49,30,2012,No Holiday,0,0,82.4,1
8090,2051,2,COKE,7/11/12,11.49,36,2012,No Holiday,0,0,80.6,1
8122,2051,2,COKE,7/12/12,11.49,34,2012,No Holiday,0,0,80.6,1
8154,2051,2,COKE,7/13/12,11.49,38,2012,No Holiday,0,0,82.4,1
8250,2051,2,COKE,7/16/12,11.49,34,2012,No Holiday,0,0,78.8,1
8282,2051,2,COKE,7/17/12,11.49,32,2012,No Holiday,0,0,77.0,1
8314,2051,2,COKE,7/18/12,11.49,38,2012,No Holiday,0,0,75.2,1
8346,2051,2,COKE,7/19/12,11.49,34,2012,No Holiday,0,0,77.0,1
8378,2051,2,COKE,7/2/12,11.49,38,2012,No Holiday,0,0,77.0,1
8410,2051,2,COKE,7/20/12,11.49,34,2012,No Holiday,0,0,77.0,1
8506,2051,2,COKE,7/23/12,11.49,38,2012,No Holiday,0,0,86.0,1
8538,2051,2,COKE,7/24/12,11.49,36,2012,No Holiday,0,0,78.8,1
8570,2051,2,COKE,7/25/12,11.49,36,2012,No Holiday,0,0,78.8,1
8602,2051,2,COKE,7/26/12,11.49,32,2012,No Holiday,0,0,86.0,1
8634,2051,2,COKE,7/27/12,11.49,36,2012,No Holiday,0,0,84.2,1
8730,2051,2,COKE,7/3/12,11.49,36,2012,No Holiday,0,0,80.6,1
8762,2051,2,COKE,7/30/12,11.49,34,2012,No Holiday,0,0,80.6,1
8794,2051,2,COKE,7/31/12,11.49,34,2012,No Holiday,0,0,84.2,1
8826,2051,2,COKE,7/4/12,11.49,30,2012,No Holiday,0,0,84.2,1
8858,2051,2,COKE,7/5/12,11.49,36,2012,No Holiday,0,0,86.0,1
8890,2051,2,COKE,7/6/12,11.49,30,2012,No Holiday,0,0,80.6,1
8986,2051,2,COKE,7/9/12,11.49,38,2012,No Holiday,0,0,82.4,1
9018,2051,2,COKE,8/1/12,11.49,38,2012,No Holiday,0,0,86.0,1
9050,2051,2,COKE,8/10/12,11.49,38,2012,No Holiday,0,0,82.4,1
9146,2051,2,COKE,8/13/12,11.49,30,2012,No Holiday,0,0,82.4,1
9178,2051,2,COKE,8/14/12,11.49,38,2012,No Holiday,0,0,77.0,1
9210,2051,2,COKE,8/15/12,11.49,38,2012,No Holiday,0,0,75.2,1
9242,2051,2,COKE,8/16/12,11.49,30,2012,No Holiday,0,0,80.6,1
9274,2051,2,COKE,8/17/12,11.49,30,2012,No Holiday,0,0,78.8,1
9370,2051,2,COKE,8/2/12,11.49,34,2012,No Holiday,0,0,82.4,1
9402,2051,2,COKE,8/20/12,11.49,38,2012,No Holiday,0,0,78.8,1
9434,2051,2,COKE,8/21/12,11.49,36,2012,No Holiday,0,0,78.8,1
9466,2051,2,COKE,8/22/12,11.49,36,2012,No Holiday,0,0,77.0,1
9498,2051,2,COKE,8/23/12,11.49,32,2012,No Holiday,0,0,77.0,1
9530,2051,2,COKE,8/24/12,11.49,38,2012,No Holiday,0,0,75.2,1
9626,2051,2,COKE,8/27/12,11.49,32,2012,No Holiday,0,0,75.2,1
9658,2051,2,COKE,8/28/12,11.49,38,2012,No Holiday,0,0,77.0,1
9690,2051,2,COKE,8/29/12,12.35,36,2012,No Holiday,0,0,78.8,1
9722,2051,2,COKE,8/3/12,11.49,38,2012,No Holiday,0,0,82.4,1
9754,2051,2,COKE,8/30/12,12.35,30,2012,No Holiday,0,0,80.6,1
9786,2051,2,COKE,8/31/12,12.35,28,2012,No Holiday,0,0,77.0,1
9882,2051,2,COKE,8/6/12,11.49,38,2012,No Holiday,0,0,80.6,1
9914,2051,2,COKE,8/7/12,11.49,32,2012,No Holiday,0,0,82.4,1
9946,2051,2,COKE,8/8/12,11.49,38,2012,No Holiday,0,0,84.2,1
9978,2051,2,COKE,8/9/12,11.49,32,2012,No Holiday,0,0,84.2,1
10026,2051,2,COKE,9/1/14,12.87,30,2014,No Holiday,0,0,75.2,1
10034,2051,2,COKE,9/1/15,12.19,36,2015,No Holiday,0,0,71.6,1
10050,2051,2,COKE,9/10/13,10.97,38,2013,No Holiday,0,0,73.4,1
10058,2051,2,COKE,9/10/14,12.87,32,2014,No Holiday,0,0,71.6,1
10066,2051,2,COKE,9/10/15,12.19,30,2015,No Holiday,0,0,73.4,1
10082,2051,2,COKE,9/11/13,10.97,32,2013,No Holiday,0,0,69.8,1
10090,2051,2,COKE,9/11/14,12.87,30,2014,No Holiday,0,0,73.4,1
10106,2051,2,COKE,9/12/13,10.97,32,2013,No Holiday,0,0,66.2,1
10114,2051,2,COKE,9/12/14,12.87,30,2014,No Holiday,0,0,73.4,1
10122,2051,2,COKE,9/13/12,12.35,28,2012,No Holiday,0,0,69.8,1
10130,2051,2,COKE,9/13/13,10.97,34,2013,No Holiday,0,0,62.6,1
10146,2051,2,COKE,9/14/12,12.35,28,2012,No Holiday,0,0,69.8,1
10186,2051,2,COKE,9/15/14,12.87,32,2014,No Holiday,0,0,71.6,1
10202,2051,2,COKE,9/16/13,10.97,38,2013,No Holiday,0,0,69.8,1
10210,2051,2,COKE,9/16/14,12.87,32,2014,No Holiday,0,0,69.8,1
10218,2051,2,COKE,9/17/12,12.35,28,2012,No Holiday,0,0,59.0,1
10226,2051,2,COKE,9/17/13,10.97,40,2013,No Holiday,0,0,69.8,1
10234,2051,2,COKE,9/17/14,12.87,34,2014,No Holiday,0,0,69.8,1
10242,2051,2,COKE,9/18/12,12.35,32,2012,No Holiday,0,0,59.0,1
10250,2051,2,COKE,9/18/13,10.97,36,2013,No Holiday,0,0,69.8,1
10258,2051,2,COKE,9/18/14,12.87,34,2014,No Holiday,0,0,69.8,1
10266,2051,2,COKE,9/19/12,12.35,34,2012,No Holiday,0,0,60.8,1
10274,2051,2,COKE,9/19/13,10.97,36,2013,No Holiday,0,0,69.8,1
10298,2051,2,COKE,9/2/13,10.97,34,2013,No Holiday,0,0,69.8,1
10306,2051,2,COKE,9/2/14,12.87,30,2014,No Holiday,0,0,71.6,1
10314,2051,2,COKE,9/2/15,12.19,30,2015,No Holiday,0,0,68.0,1
10322,2051,2,COKE,9/20/12,12.35,34,2012,No Holiday,0,0,62.6,1
10330,2051,2,COKE,9/20/13,10.97,32,2013,No Holiday,0,0,73.4,1
10346,2051,2,COKE,9/21/12,12.35,36,2012,No Holiday,0,0,66.2,1
10386,2051,2,COKE,9/22/14,12.87,34,2014,No Holiday,0,0,69.8,1
10402,2051,2,COKE,9/23/13,10.97,40,2013,No Holiday,0,0,71.6,1
10410,2051,2,COKE,9/23/14,12.87,28,2014,No Holiday,0,0,62.6,1
10418,2051,2,COKE,9/24/12,12.35,34,2012,No Holiday,0,0,69.8,1
10426,2051,2,COKE,9/24/13,10.97,40,2013,No Holiday,0,0,69.8,1
10434,2051,2,COKE,9/24/14,12.87,32,2014,No Holiday,0,0,60.8,1
10442,2051,2,COKE,9/25/12,12.35,30,2012,No Holiday,0,0,69.8,1
10450,2051,2,COKE,9/25/13,10.97,34,2013,No Holiday,0,0,64.4,1
10458,2051,2,COKE,9/25/14,12.87,32,2014,No Holiday,0,0,62.6,1
10466,2051,2,COKE,9/26/12,12.35,28,2012,No Holiday,0,0,69.8,1
10474,2051,2,COKE,9/26/13,10.97,38,2013,No Holiday,0,0,68.0,1
10482,2051,2,COKE,9/26/14,12.87,26,2014,No Holiday,0,0,66.2,1
10490,2051,2,COKE,9/27/12,12.35,28,2012,No Holiday,0,0,69.8,1
10498,2051,2,COKE,9/27/13,10.97,40,2013,No Holiday,0,0,64.4,1
10514,2051,2,COKE,9/28/12,12.35,34,2012,No Holiday,0,0,66.2,1
10554,2051,2,COKE,9/29/14,12.87,26,2014,No Holiday,0,0,64.4,1
10562,2051,2,COKE,9/3/12,12.35,34,2012,No Holiday,0,0,71.6,1
10570,2051,2,COKE,9/3/13,10.97,38,2013,No Holiday,0,0,68.0,1
10578,2051,2,COKE,9/3/14,12.87,28,2014,No Holiday,0,0,71.6,1
10610,2051,2,COKE,9/30/14,12.87,30,2014,No Holiday,0,0,66.2,1
10618,2051,2,COKE,9/4/12,12.35,32,2012,No Holiday,0,0,75.2,1
10626,2051,2,COKE,9/4/13,10.97,32,2013,No Holiday,0,0,68.0,1
10634,2051,2,COKE,9/4/14,12.87,30,2014,No Holiday,0,0,68.0,1
10650,2051,2,COKE,9/5/12,12.35,32,2012,No Holiday,0,0,77.0,1
10658,2051,2,COKE,9/5/13,10.97,32,2013,No Holiday,0,0,69.8,1
10666,2051,2,COKE,9/5/14,12.87,28,2014,No Holiday,0,0,69.8,1
10682,2051,2,COKE,9/6/12,12.35,28,2012,No Holiday,0,0,75.2,1
10690,2051,2,COKE,9/6/13,10.97,38,2013,No Holiday,0,0,68.0,1
10714,2051,2,COKE,9/7/12,12.35,34,2012,No Holiday,0,0,71.6,1
10738,2051,2,COKE,9/7/15,12.19,36,2015,No Holiday,0,0,77.0,1
10762,2051,2,COKE,9/8/14,12.87,32,2014,No Holiday,0,0,71.6,1
10770,2051,2,COKE,9/8/15,12.19,30,2015,No Holiday,0,0,73.4,1
10786,2051,2,COKE,9/9/13,10.97,40,2013,No Holiday,0,0,75.2,1
10794,2051,2,COKE,9/9/14,12.87,32,2014,No Holiday,0,0,71.6,1
10802,2051,2,COKE,9/9/15,12.19,34,2015,No Holiday,0,0,71.6,1
